post_id,user_id
9803091aa815,426e2cacc658
64a2207e2323,a2cea84f5c1c
64a2207e2323,f41b2b83cdd
64a2207e2323,5009cbe14112
64a2207e2323,6829b3fa9f78
9155731a9e30,a6d20f5ba95a
9155731a9e30,be7c667fbcc7
9155731a9e30,45e301c35dc
3c3387b10792,1f8ffce7adbe
7774cc5a5117,7693c6c8230a
d7e539814fe5,9adca48ea19
dfd6dcd28d0a,bcc07a59bd11
63c23619fca,b4686cfea17e
63c23619fca,4818aaa30322
4e7082bd5d46,f5a715114d04
8c0ea546ab81,f3d93f27330e
c5559281880,a43274e2fa71
c5559281880,37a72b5f86c8
8a8ba293f2ee,d40d8537c7ca
8a8ba293f2ee,31e16387286a
f0bdc508efef,55e8e9c3de96
f0bdc508efef,bc44003a8bc9
45d1d360c120,4764497a727f
45d1d360c120,2d11430a43e6
45d1d360c120,3f473b9c53b9
cd9602e8c217,b50556dd076b
cd9602e8c217,d936da03b3d0
cd9602e8c217,3e61b84282bd
cd9602e8c217,56d6a03fce31
cd9602e8c217,bde92ba9c74a
cd9602e8c217,943c7ce600bb
cd9602e8c217,3bf0eab8fbd8
4429cf46aabd,aed83d00a07d
4429cf46aabd,48155ef1953
9c0a430df4ce,8b38093ad0f7
50aef4b8d122,2e930e5cfc58
73e46db3aaa4,6f373178b26a
73e46db3aaa4,745495b5d8fc
417404c69da,b76407c8d490
12e117c3a539,2b985a74f87
760a64b9c1f2,e11994717a22
3f39acef857b,ba6349c9c628
3f39acef857b,6126035d64c3
3f39acef857b,2a1341fe621
3f39acef857b,2a1341fe621
3f39acef857b,dadd8a668978
3f39acef857b,766377e008ff
3f39acef857b,29c364f13a77
3f39acef857b,8e4d3a7c7eee
7ab2b9ecf47e,5a5513d284a6
7ab2b9ecf47e,e923ca3c058c
7ab2b9ecf47e,793eeb87d3ee
7ab2b9ecf47e,f5e57ff2b1be
9a758516210a,4e76831f2dff
9a758516210a,1a5d59623bb7
9a758516210a,1bb9ddc26434
9a758516210a,107c9603778f
9a758516210a,48b2e162a69
9a758516210a,a7fae2e8dc3
9a758516210a,d249bfe6c9ea
9a758516210a,e752f0f514fe
9a758516210a,12387f990a7b
9a758516210a,d58c403b946
9a758516210a,96b714f80ce1
9a758516210a,d38874dd5934
9a758516210a,44acc0930dbd
af420e6214bd,312cd696706c
af420e6214bd,dc7e05f9c55a
af420e6214bd,ecda862be3b1
560d294547d2,46178808c4e0
ccddea4ec44a,a714c1dba963
7887f7c1fab,11f8f4a78614
7887f7c1fab,2a262fb6a9aa
b282d67ba665,ca328706b58e
b115968829f4,904dc3df3e79
ac8a37a5e580,277b4900eb2c
3da3710afe4f,409cdd3727d4
e08bf124d15d,9307404252d0
57621965d8b8,6522404ec3d4
3e3e391d4dc9,b5647ff15485
9ec573090acb,6a47c62c558c
9ec573090acb,14fd142b8c49
9b054eb62b75,1dbbeb01604b
ec5c4f313562,b86a71e02c
ec5c4f313562,ee70ec0097b2
ec5c4f313562,d30dd73545ca
ec5c4f313562,cad8149f8c7
40d0662b7d4f,f1d55708b61
532f33ba60cf,d092056c4ebf
5d131bb38572,7c1e0db25119
a72bdde60f4c,fd11e8b0cf81
21336fcd985e,1f2cb12747bf
14213b2d7fcd,d44682bfba9a
14213b2d7fcd,ff62b7961817
14213b2d7fcd,22c0e1cf5829
14213b2d7fcd,22c0e1cf5829
c7aabac8fde,e18ef05c198
c7aabac8fde,2f052b054cee
c596d74fcd18,1ae61c9237e0
8209af654d79,109e395723dc
8209af654d79,e3e8ba24eed5
8209af654d79,109e395723dc
b7f6c88190e1,29c764ea1173
ac2195f85859,1d31dfc3be2d
498041b88dae,d043a625e6dd
c4216f84d388,f0fc784900ff
c4216f84d388,326017e1fc70
befb39a75ec2,4a622340863b
befb39a75ec2,705d23c68d67
4dbc15427fc5,a0e85e5a82e8
4dbc15427fc5,24060e5f4d76
4dbc15427fc5,f9a20d696090
4dbc15427fc5,7527a3084d65
4dbc15427fc5,8da669b6caaa
4dbc15427fc5,57e35e3a9c70
4dbc15427fc5,12616f8de036
4dbc15427fc5,b59c252d24be
4dbc15427fc5,d8f25fbf4ec2
4dbc15427fc5,805b2cb7b5fa
4dbc15427fc5,d8abed77e469
4dbc15427fc5,858ca76e5730
4dbc15427fc5,34b059297880
4dbc15427fc5,ebbbc768c897
4dbc15427fc5,3fb6cae4319a
4dbc15427fc5,96c562157e72
4dbc15427fc5,cec5b039f922
4dbc15427fc5,58d6528cd47d
4dbc15427fc5,6828ebfc31a7
e9d429c40581,cff9c54a932e
e9d429c40581,f95766ef8ef4
30366488f66b,6b82043c70c6
30366488f66b,a261fe250485
30366488f66b,2b141c864d58
30366488f66b,1bb24aab0a2d
6d762fc35d19,70ba1488ba36
6f970d413e2f,f5234463792a
4569ee17f07a,ed2e7921460e
997e1e7e297b,c5d1e30aa081
997e1e7e297b,4d648b1e278b
997e1e7e297b,58356de2425f
997e1e7e297b,8153797f54fe
997e1e7e297b,56855199e769
997e1e7e297b,93ee2223efb6
997e1e7e297b,ff053900df5
997e1e7e297b,70eb2d57a447
997e1e7e297b,14f8d520fa2
997e1e7e297b,4993d3413796
997e1e7e297b,d43ec1364693
997e1e7e297b,e2e3fb925a1a
997e1e7e297b,e2e3fb925a1a
997e1e7e297b,c2d21d069ac
997e1e7e297b,ac08c46554fe
997e1e7e297b,624a6fc89640
997e1e7e297b,e2e3fb925a1a
997e1e7e297b,8ced931073ef
997e1e7e297b,9ba7b9d03a33
941c5c4bc685,aabc2482b23b
7e2985fe1e92,529f1f332184
7e2985fe1e92,6828ebfc31a7
7e2985fe1e92,529f1f332184
9f9539cd1de5,1c4637d9fb91
9f9539cd1de5,c73eee31cfa3
1c52ed44439c,71e83b2b4b65
db265bab51e5,784af1e6f733
a1637d8ce5e6,98b05140c1ad
f69c0db900b5,ad50c1abfccb
f69c0db900b5,a48eb9d63789
f69c0db900b5,180a7a11ad69
c6ecb1f8fbfe,3f554ca64418
c6ecb1f8fbfe,971c8f52835b
b879c3e29015,61f90df70e11
b879c3e29015,61f90df70e11
7fc048ef91d5,f3ba6a470945
7fc048ef91d5,b1dcf2789891
7fc048ef91d5,9c778cbdfd0d
7fc048ef91d5,e8c0983612bf
7fc048ef91d5,21df606bbb56
562dd7df4d42,818ad3a3cd71
562dd7df4d42,c2b6d80f8368
562dd7df4d42,f9158ca11a43
562dd7df4d42,52fda3c73483
562dd7df4d42,92f7857970ae
562dd7df4d42,f5e57ff2b1be
562dd7df4d42,ee3b9557de42
562dd7df4d42,8d9f12888e5b
6a8f26477c86,f182ab762469
6a8f26477c86,f182ab762469
6a8f26477c86,c9a6e4fc04a3
f0d708861334,a2683743ded
f0d708861334,6b82043c70c6
f0d708861334,8307a360040c
f0d708861334,c6ab8048de41
f0d708861334,244705927d3b
65b9f703f932,65e05885867b
65b9f703f932,860ce3db1852
65b9f703f932,cb0584df5b9a
65b9f703f932,b2aaebd0c826
65b9f703f932,7d188a37d930
65b9f703f932,4bb15c636992
65b9f703f932,adb6c8da5840
65b9f703f932,3f41af350f36
3a41629c59b9,cc8acbe90994
1627dbbbcfe1,af6e5f085aae
333514854913,1f0b6db22d38
333514854913,d99955f7fc59
333514854913,eb7cf6e14d5a
457ab4928b08,1de06b69ce55
457ab4928b08,4f332225c6d4
457ab4928b08,42cf42582500
457ab4928b08,cb9d97d4b61a
457ab4928b08,2427bad0b5e4
457ab4928b08,becbf34e1787
457ab4928b08,fdb3a4a98afb
457ab4928b08,97b835ab029d
3c03ca1dac26,18453a25a73d
1980158a900f,7f6398ee013d
de42c59db085,a136482e02bc
de42c59db085,22479a8c6aee
9fd5b0918714,cff2bc92565b
9fd5b0918714,601fa7ee49ef
9fd5b0918714,2c24006124e3
9fd5b0918714,3847803e33
9e46ad49db4d,3b604c249384
3b59cfa7aa04,264dfcd329ff
3b59cfa7aa04,fbc1cbe0db72
23f1790eec22,a1f7cfc09196
38137712a67c,bcc07a59bd11
f3d363ad47b,fcd01b46a7f0
f3d363ad47b,d69ffa1c9be8
f3d363ad47b,26c2e717ad9e
de890acd1bfc,b90b98f2fa5e
de890acd1bfc,8ef3b446198e
de890acd1bfc,fcea21958229
de890acd1bfc,82bb8547197f
d4171f51c23f,15f19c86fa24
d4171f51c23f,9de850979fa5
d4171f51c23f,14632bffa501
d4171f51c23f,5ad39c7f2fa2
d4171f51c23f,4a0f47f26381
d4171f51c23f,78309b5b7d2
d4171f51c23f,5b24f4bf508b
81da00f156f6,d4316e2cf9c1
81da00f156f6,7006d6ffaca6
81da00f156f6,48ff40aa97c7
6f957ffffb15,693c8d503a9d
e198fdd0df85,286910d05661
e198fdd0df85,4f127c03d5d5
e59dd8d377e7,4a87f243d60a
c556a6640e9,478984467a63
ab9a2a91c7b5,966c64a2a0c5
ab9a2a91c7b5,9aea4acc7d54
ab9a2a91c7b5,9c91d3c312e8
ab9a2a91c7b5,3cb659d4a529
ab9a2a91c7b5,89ff3415fdda
ab9a2a91c7b5,d00e38e16fca
ab9a2a91c7b5,e6029d245a47
ab9a2a91c7b5,50b0d0fd4001
7dbedafcfe5a,70e409d78f9a
7dbedafcfe5a,cde20698e8
f907dace010f,d59784cfedf7
f907dace010f,eeeedadde4f9
f907dace010f,6513dd6ad6e6
1309133a5070,58cf7656bb11
1309133a5070,214426035130
1309133a5070,c71c1276e6a3
1309133a5070,531f8bca22a0
1309133a5070,642196c816d2
1309133a5070,47ec8f8f945a
1309133a5070,8d546a4ce664
1309133a5070,c4edba02bea0
1309133a5070,8d546a4ce664
58884e95c2bd,474b8f388e5d
58884e95c2bd,79a476dba37f
58884e95c2bd,88935af037c9
58884e95c2bd,e838a8160361
58884e95c2bd,4e79648614b6
58884e95c2bd,21d66616fecd
58884e95c2bd,49b16006351c
58884e95c2bd,12624cf7db56
2de099aabeb0,866b782ff366
2de099aabeb0,c26f4c02ed50
3e1bf05b5440,a261fe250485
3e1bf05b5440,a55e255f858c
3e1bf05b5440,c9414acf1cde
320f57c581cd,b26e81c2886c
320f57c581cd,153ce43d4e30
6753118a03c3,d7babb97dc92
6753118a03c3,e018b8393dc6
d188d4185df2,8b79701d6f98
d188d4185df2,70dda59e2ba1
749b527410b9,fcfb5c0d5d4d
f92d872bfe0e,b129966e9028
f776dbf333b3,ff76a0405fab
f776dbf333b3,96c3c8e0225
f776dbf333b3,ff76a0405fab
37adb3f3581b,70eb2d57a447
4c563e034257,58356de2425f
4c563e034257,c67b52932a7b
4c563e034257,207c781e4121
4c563e034257,6e6d06d4b300
4c563e034257,be789b164934
4c563e034257,6828ebfc31a7
4c563e034257,13ef8a07d98a
4c563e034257,dbf5b2d893ac
4c563e034257,a0ad261078ba
4c563e034257,2a5d8d1e23e4
4c563e034257,b541b18dec3d
4c563e034257,3625e5f36e90
b5577d75f8b,d995ac16cfb8
b5577d75f8b,ebcf52879ae9
6582f86ea244,1f62ed7c4bf1
6582f86ea244,bf18880d58ca
6582f86ea244,d307b1ef3504
6582f86ea244,a43a40523977
6582f86ea244,4ab799e224f2
2cc3fb1fbefc,78d665d4be2
2cc3fb1fbefc,521350a0a391
2cc3fb1fbefc,84dd6ee5e851
2cc3fb1fbefc,83f515509196
10f652806a3,54f2c7023bd5
10f652806a3,dc5241df6872
f1e7b2cb3eef,e3c2937be5e6
8e39a96c1e41,d6e41d2ffa99
8e39a96c1e41,d981699478f3
8e39a96c1e41,a9f623166752
6d1180a131db,84cae7387aa5
6d1180a131db,4af6c91a6ac2
436e64da79b6,def0aed67d2e
436e64da79b6,faf536654df5
57d1ab5337ce,f46c45c485c7
dcba889e0c50,d48d1578ae6
dcba889e0c50,16864e2479db
dcba889e0c50,dda38d0e9f50
dcba889e0c50,ad836b8181cf
dcba889e0c50,c4cbe0260e49
dcba889e0c50,57fe55b23633
dcba889e0c50,815d4d2ae006
dcba889e0c50,1ba358448759
dcba889e0c50,96f389a224a4
dcba889e0c50,cdded39e3bf5
dcba889e0c50,ca86acd7f6a6
dcba889e0c50,a8ad33837205
dcba889e0c50,c7c9d0b75062
dcba889e0c50,f394b086e31d
dcba889e0c50,79bd22e85d52
dcba889e0c50,6e58f43fd944
dcba889e0c50,463c1e39f861
dcba889e0c50,c61c1a5a6d48
dcba889e0c50,58356de2425f
dcba889e0c50,613e8869b6c5
dcba889e0c50,ff752d86d224
1a27e6d13fc6,3ea9c4a9a9e7
1a27e6d13fc6,e655a290ebe4
1a27e6d13fc6,4feea18c6cf3
1a27e6d13fc6,4feea18c6cf3
1a27e6d13fc6,eb1c015d8c34
1a27e6d13fc6,c6ab8048de41
1a27e6d13fc6,5e50b9c38fa8
c532fb2bc0cf,892607243476
c532fb2bc0cf,44d4301372be
a9ec5673e8ce,3942f59103a7
a9ec5673e8ce,3942f59103a7
dd3fd0d90786,bb6cf85dffa3
20a36e77b3cc,59216259c525
6cf8f59bff94,5805a0a9ab6a
6cf8f59bff94,56af66d1c5a4
6cf8f59bff94,c73eee31cfa3
6cf8f59bff94,d51331cdd716
26483437f178,2e366847924
2cf2243c7b8e,eb605674b26
2cf2243c7b8e,a1b4a12d1092
2cf2243c7b8e,ede5d822a083
2cf2243c7b8e,eb605674b26
2cf2243c7b8e,c2d21d069ac
2cf2243c7b8e,666f00d9d12
2cf2243c7b8e,db8b910d1ac0
2cf2243c7b8e,55bbab7dd814
9c0ce73e8263,22c0e1cf5829
9c0ce73e8263,a4615cc07ddb
d4267659312a,f500ce1cfe65
d4267659312a,7775fcce66a7
d4267659312a,4a1477f235d0
d4267659312a,613e8869b6c5
3363992e9bae,199d4a089ba0
6711c8b2b1dc,d262d0f8ce2b
6711c8b2b1dc,f70f7863a286
4328f8b1a200,d9f2f107dd8b
4328f8b1a200,b6e555564be7
4328f8b1a200,67237f2eb088
4328f8b1a200,948f0ee9b13b
4328f8b1a200,8144d7a307d5
4328f8b1a200,99b2d4cc1d23
a30f6e7b582a,79f4e02b4a73
a13dcf739e,38fba982006d
a13dcf739e,589921cda640
a13dcf739e,76b167954ebd
a13dcf739e,26d113b100cc
294926cdf995,72a2b65ee9d1
294926cdf995,a74fedfbe57c
294926cdf995,1d48e3798b1e
294926cdf995,d51331cdd716
294926cdf995,82d7710e0d94
294926cdf995,82d7710e0d94
626d89378fb0,17106081c6a
626d89378fb0,bb9033ffaebf
8aa5ef487d1e,95dda6247db1
edc6dc5f0c78,70eb2d57a447
24d0893d51c0,db281a060ac
24d0893d51c0,f9158ca11a43
24d0893d51c0,cdd4ab8ce13e
24d0893d51c0,be7d9b932ab0
24d0893d51c0,150ae40c3997
24d0893d51c0,836269bd41
24d0893d51c0,9b967fdcc957
24d0893d51c0,35a1d8e78feb
24d0893d51c0,15435839d738
24d0893d51c0,930c5cd84cff
24d0893d51c0,3c49f428566
24d0893d51c0,e007a3872a81
24d0893d51c0,4359edad9711
24d0893d51c0,22986f29312b
24d0893d51c0,cdded39e3bf5
377895a60d2d,354574ee2a76
d28615947ff4,a261fe250485
d28615947ff4,d1f15d3039df
d28615947ff4,c9a6e4fc04a3
d28615947ff4,f6df90dfa789
d28615947ff4,6dc8fde8964b
d28615947ff4,8e06041f5d7e
14ccf7178a4a,32f9007267e3
14ccf7178a4a,6b730dc51e4a
b84ece1315eb,ad0335650f15
b84ece1315eb,14747a9c14df
c2cf580945c3,9e4bb293e076
c2cf580945c3,2cb2bdb7aafd
ce8eb75594c0,561a0de7c0ef
ce8eb75594c0,5ea733b15993
8c23a5d9506c,6b7b0c0d5aa3
8c23a5d9506c,c460d95e23db
94e98e78f664,370145a161ae
fc9eadda71e7,347187e2ff2b
fc9eadda71e7,1f0b6db22d38
8ac484d8c3bf,50e998580300
63fa2f7a3817,abaa56149871
63fa2f7a3817,abaa56149871
ab2bd0df928,d51331cdd716
ab2bd0df928,171147c4c7a2
ab2bd0df928,b94dac794213
ab2bd0df928,52b94fa82127
ab2bd0df928,666f00d9d12
ab2bd0df928,f556c4a91e9c
ab2bd0df928,94b621e0b08b
2f946c6430f8,630374cd50f5
2f946c6430f8,66cb36c8a5cd
2f946c6430f8,d5e694e73eca
2f946c6430f8,6bdac787596d
2f946c6430f8,3f2bb9b4510b
1a8f1a30f11,a8e2a6e2c9a1
1a8f1a30f11,63d34789012a
1a8f1a30f11,540655759e95
f16a702f67d7,114f19594908
f16a702f67d7,ffa5eed69084
f16a702f67d7,3fb44acadeb
f16a702f67d7,71151d63d521
f16a702f67d7,d9ba7236bd8b
fc80634faf84,c5df2bdca0c5
fc80634faf84,a1f7cfc09196
dfc2dfc274f2,32a8c8a2a0cb
d516b5a26783,c7d4e0695939
900ea0c6b418,bbc8065e4f8
a7c0316de465,613e8869b6c5
a7c0316de465,3fe1a7d382a7
a7c0316de465,75a294709daf
a7c0316de465,c2d21d069ac
a7c0316de465,fba8bd070bfd
a7c0316de465,aa9c12ee4324
a7c0316de465,4e79648614b6
a7c0316de465,6c0f258ae73f
a7c0316de465,d3dcde3c31b8
a7c0316de465,3945382eed31
a7c0316de465,6278d12b0682
35534789bd69,485b912a09a
35534789bd69,ef3dfa32fe
f95b699f471,5a5513d284a6
8df77fcf7b49,8002c1aed6e7
71240c0f0204,459b2bcd8b13
71240c0f0204,3d0666069d62
71074e70da91,b4ceb1823ee8
71074e70da91,226013da7a7d
71074e70da91,103b539296cc
71074e70da91,cfc47173e39d
71074e70da91,5774c7934504
71074e70da91,fa5e336bedcf
71074e70da91,65c120373fb9
fc34b6dab993,f04906b48188
f045710b9454,4a41686d44b6
f045710b9454,5ec39582c48b
cf2a454d0a12,a4268385c2dd
cc21325ef5de,c5d1e30aa081
cc21325ef5de,5774c7934504
7c0ebc997e00,82a88d3a17c7
863732d18a28,44d4301372be
519e79addd34,2e21d790d7a
8355ad4aa381,347dcc5bd1e1
8355ad4aa381,7370258f495f
84e975feaaf7,a9ccd415dc89
d2ee64b9dd0b,bbe02884db8d
d2ee64b9dd0b,bb023125a237
d2ee64b9dd0b,e7731c8d4903
d2ee64b9dd0b,e7731c8d4903
d2ee64b9dd0b,115be3bc9978
d2ee64b9dd0b,e55102c8f4cd
d2ee64b9dd0b,bb023125a237
b35da807b596,949f03393eeb
b35da807b596,7ae50fd19bfc
b35da807b596,36b4fbf2fd77
b35da807b596,581509e482a1
432d6bd305f8,f78b4ac09073
17b80b88f1dd,4f5627c41fec
17b80b88f1dd,de985bec1eab
5dac99d5d795,72469f5805d8
5dac99d5d795,53694fe9a6ae
a4a0b208d62e,a281b8b9bdeb
a4a0b208d62e,73ed5e52b845
38589a21a09,a203652d8e4d
38589a21a09,14f4c1ed83f8
38589a21a09,b0e6080e780d
72c6ece5518d,55063a62106c
72c6ece5518d,3fb30d8bbab1
2e7a2dd0435a,5a5513d284a6
3aa67bff5991,5cdfd010517e
3aa67bff5991,4936be1bd04e
3aa67bff5991,951ea6042cf5
3aa67bff5991,d0d97737a55e
3aa67bff5991,b9013182bbf8
3aa67bff5991,62c4c6432d5b
3aa67bff5991,5a1cab9a55aa
3aa67bff5991,39aff28d5c4
3aa67bff5991,93a0611411a
3aa67bff5991,23c1c2f51c2e
3aa67bff5991,19f42e57eb82
3aa67bff5991,c3281a7a26fe
3aa67bff5991,41f0685a4e2e
3aa67bff5991,d188294a243c
3aa67bff5991,82f710689b8e
3aa67bff5991,e55700d56265
3aa67bff5991,b7e201b26b01
3aa67bff5991,c625a12f254e
3aa67bff5991,1cc84080b8f2
3aa67bff5991,905962aead75
3aa67bff5991,844bc4d2005d
3aa67bff5991,5d6170d3be6f
a84097641a5d,c2d21d069ac
a84097641a5d,47f41525fef9
8a0b7085ffc5,ebbe8e8bbd24
8a0b7085ffc5,56883a0c4872
8a0b7085ffc5,a5c389bfdef1
8a0b7085ffc5,e62fb7269e12
8a0b7085ffc5,a5c389bfdef1
8a0b7085ffc5,380fbe6c6fce
8a0b7085ffc5,a5c389bfdef1
8a0b7085ffc5,6418aea520aa
8a0b7085ffc5,195afe8b5cb8
8a0b7085ffc5,e8cc194fbb3f
8a0b7085ffc5,d449990bb1ac
8a0b7085ffc5,8e05157b4af9
c04d35fc2830,f2df69b39802
c04d35fc2830,70eb2d57a447
c04d35fc2830,f15415e44f4d
c04d35fc2830,319aaf8618a8
c1a3ece2f0a0,e4b7d94a1ffd
c1a3ece2f0a0,7f6d3d997fdd
f40de41e0eed,f8da1446f4af
b0e429116bf3,d8a4088c46a5
26f124843aa0,b9b322a3fd40
26f124843aa0,8fee9a760280
4d0dee75931d,4351d3409b27
4d0dee75931d,18f876036bfe
4d0dee75931d,11b0e7a8c64d
4d0dee75931d,9fbe95059031
4d0dee75931d,96ceaf04c572
4d0dee75931d,5f8945eea507
4d0dee75931d,1a08a7834cfc
4d0dee75931d,9958043a3347
4d0dee75931d,2081b7294b91
a49990e483,7c3f41bc537c
a49990e483,75779026641e
7f12ee59b036,5d223e819379
7f12ee59b036,363edadd2e0a
ab343983751,7a071dc7be18
ab343983751,1b496a44d2f
c1659ff4affd,54aa5205a27a
c1659ff4affd,7aa53e3e46e2
c1659ff4affd,54aa5205a27a
af22a159e5cf,891443044e70
af22a159e5cf,1057ffd5b672
b2684b0421aa,34cfc9409292
b2684b0421aa,5774c7934504
bbcfbf2528d6,56883a0c4872
4f0f15e91b82,a2fd3d44f226
b0b9876c2142,20ef05171040
c589f074ad76,6958ce355458
c589f074ad76,63f181abe15f
c589f074ad76,fdbb23c47553
c589f074ad76,9e247e9438c8
c589f074ad76,5e0793b6f148
c589f074ad76,62bbc95a62ea
c589f074ad76,5dfd1265e93d
c589f074ad76,dc247a1c9681
c589f074ad76,6db15d3b560e
c589f074ad76,56c4473191f0
c589f074ad76,532fa06db27f
c589f074ad76,8f8fef67cb07
c589f074ad76,f544f16d6aca
c589f074ad76,f9a0997ef4f
c589f074ad76,576f0c08a985
c589f074ad76,44b90c86a357
c589f074ad76,1f5f655d06ec
c589f074ad76,31f4b90803e2
c589f074ad76,fbf2a31d34d4
c589f074ad76,c02b54d95c1
c589f074ad76,a640e300b0a4
c589f074ad76,2cc89620ec9f
c589f074ad76,7b251fc53ada
c589f074ad76,65ef754342f1
c589f074ad76,7e757c4d0b5e
96d25c1b13e2,279fe54c149a
6d63093ba221,b41101d363ce
6d63093ba221,2f8452d8bfc
6d63093ba221,971c8f52835b
6d63093ba221,3c309d7ae0b3
6d63093ba221,971c8f52835b
bb6ff611fa2c,502684413830
947794dad48a,30efcac7d6b7
897a69e2dd9b,4a6d37f6a52b
897a69e2dd9b,e22203899ad8
897a69e2dd9b,44e0f445aa49
897a69e2dd9b,ea65ea2916de
897a69e2dd9b,b0e6080e780d
897a69e2dd9b,2f197c2e5ceb
897a69e2dd9b,24432ddd7a51
897a69e2dd9b,9281b5a543d4
c1bd83855978,a1466628060a
c1bd83855978,e664e04aac5c
c1bd83855978,83f3c2f4da40
c1bd83855978,782fb6f38414
c1bd83855978,e944d1f9575b
c1bd83855978,827e193c5a4b
c1bd83855978,c8b2f79e28ad
c1bd83855978,831c78dab30
c1bd83855978,4568a760719b
c1bd83855978,55054315f29a
c1bd83855978,8cd475dc758a
c1bd83855978,d162ca2fa4e0
220debe6ded4,4be548ae4d82
7e53eb46d9c3,6e6d06d4b300
7e53eb46d9c3,6efada1eb5e
7e53eb46d9c3,18f876036bfe
78c389dc6f03,fe1a80fa3cef
ff28cc116560,b8c7c3da8f81
ff28cc116560,7244179e2b34
97fffc46fa23,6e9fe15dec81
6d34f93bded1,3afc5eafd266
6d34f93bded1,a2fd3d44f226
47dc64ee9dc6,7a7d974e685a
47dc64ee9dc6,7a7d974e685a
490738725839,3f27b36f093f
490738725839,3f48361f643
490738725839,70eb2d57a447
c80c1afa464,a2f4c262ac1b
ff69ca77569c,5ec39582c48b
ff69ca77569c,d14a216ed25d
1e317ae4587d,8b38093ad0f7
1e317ae4587d,6f213aa33f75
1e317ae4587d,609191434ece
1e317ae4587d,77084994dcb3
1e317ae4587d,72469f5805d8
1e317ae4587d,9f06e5b77ace
1e317ae4587d,ded8588540a5
1e317ae4587d,6f0b045d5681
1e317ae4587d,54e21d4782a3
1e317ae4587d,bc93c7e8d1e0
1e317ae4587d,d8996d6e354e
1e317ae4587d,70eb2d57a447
1e317ae4587d,2d0939460467
1e317ae4587d,2f052b054cee
1e317ae4587d,52f7afccd861
ecb3ce7a3b52,19707f72f829
ecb3ce7a3b52,6e8f5a75c66a
ca02330820ee,c9a6e4fc04a3
ca02330820ee,9d9e487d186
ca02330820ee,1e1f54fd8b8f
ca02330820ee,9d9e487d186
ec63a7002329,fcb15ccdf193
561e648d4a82,9c419ab1d0e7
561e648d4a82,6c565348e0af
55e6c638822e,6c071f5f5150
b289e1601eb2,9b9ec82b9ad2
b289e1601eb2,a261fe250485
721a495ebed4,ceff95c9bc73
ed6477e6a73d,c85f82d41069
2550a21a47d7,2ece039837f5
f7e0ed10dbe2,44e0f445aa49
bf66ae1c84f2,43f0469c11c8
bf66ae1c84f2,1928cbd0e69c
bf66ae1c84f2,ebbe8e8bbd24
bf66ae1c84f2,7d805a0c7d1b
bf66ae1c84f2,69708ece50e0
bf66ae1c84f2,23e9086d2c99
bf66ae1c84f2,1c4f7a303548
bf66ae1c84f2,d0fd72743029
bf66ae1c84f2,898b89d9d68e
bf66ae1c84f2,52a09b3b807a
bf66ae1c84f2,8fff475bf573
bf66ae1c84f2,96a6811b6172
bf66ae1c84f2,122ae3dfee66
bf66ae1c84f2,c64fba23e321
bf66ae1c84f2,449b3f6dffd5
bf66ae1c84f2,24c05bc27e3b
bf66ae1c84f2,1c4f7a303548
bf66ae1c84f2,5ad679c18236
bf66ae1c84f2,34babc35d6f4
bf66ae1c84f2,6e454fd14805
bf66ae1c84f2,f5a0542a83cd
bf66ae1c84f2,5c61a25e6456
bf66ae1c84f2,29bf238c8972
bf66ae1c84f2,b587be56755
bf66ae1c84f2,aebe2e180bec
231b14738edf,74e454ad4e98
231b14738edf,c9a6e4fc04a3
231b14738edf,7b9a93cc413e
231b14738edf,79151f7c5a30
231b14738edf,19f2e2ba4c7e
231b14738edf,88976b6bb6ae
231b14738edf,79151f7c5a30
8c72204f0798,6537df10396e
8c72204f0798,56af66d1c5a4
a33a8cabb0d6,9995f4dc515a
f9b09d3c4fa,ad0335650f15
189c8690b252,b0312a9c991a
76716a9adcf2,e6da8c79b01
76716a9adcf2,5fcb9c2607cb
76716a9adcf2,fbc03431236a
d5915ae99e63,71bbe150a9ce
742b409abf9f,a1ac67f2b9c4
f4f59bcfb689,d8da50c00e68
db8e0896d09e,2ae779ab9625
eec7d0a50bcf,31dd245ca6a5
eec7d0a50bcf,295d7cf44589
eec7d0a50bcf,b0f1f7fa84b9
eec7d0a50bcf,424ad808f4c0
eec7d0a50bcf,6ed9c95c2b5e
eec7d0a50bcf,eb1b13bf211b
eec7d0a50bcf,697d31e60d95
eec7d0a50bcf,8e06041f5d7e
eec7d0a50bcf,de3140de2999
eec7d0a50bcf,5d6209597277
eec7d0a50bcf,cfbd11aebda
eec7d0a50bcf,d80b0c8a4c4f
eec7d0a50bcf,319aaf8618a8
eec7d0a50bcf,5c026987439a
eec7d0a50bcf,cfbd11aebda
eec7d0a50bcf,c112b88d3bb
eec7d0a50bcf,96908eb204a1
eec7d0a50bcf,6a21df1897c9
eec7d0a50bcf,92c7be1e7e0f
eec7d0a50bcf,9d006228d410
eec7d0a50bcf,81994777f075
eec7d0a50bcf,89d6a5395d30
eec7d0a50bcf,bf78b1424abc
eec7d0a50bcf,d70adcb290ff
eec7d0a50bcf,f8d190465cf0
bd3bd9b4e236,483cc113d798
bd3bd9b4e236,fdab7d1b79a0
bd3bd9b4e236,2408a181d745
bd3bd9b4e236,12977dccc73
bd3bd9b4e236,84b561911529
bd3bd9b4e236,7db31d7ad975
9c9fbbdc46cc,63fcb8da6c0
9c9fbbdc46cc,9cfacf5e025c
9c9fbbdc46cc,882e38c3a0be
9c9fbbdc46cc,8a81d7a4bf6e
9c9fbbdc46cc,b144a4a86e91
9c9fbbdc46cc,38b0fb98faeb
9c9fbbdc46cc,9c472c5142fa
9c9fbbdc46cc,163ff0fc3ff0
9c9fbbdc46cc,157101b88a07
99ade71b3d28,76a0cc5aedc7
99ade71b3d28,cc7216cd232b
99ade71b3d28,e735c9043035
21cb1557920d,cc4fb7428d3f
21cb1557920d,23cbb66ae6a7
21cb1557920d,c06551b485e5
21cb1557920d,4aa599f60bc8
21cb1557920d,c64fba23e321
8369895ffb98,2d9273d42477
a17105f1540e,361f92b16a95
a17105f1540e,cbd5dcdfae81
38d98f17646a,51649c0ddfe0
1c4cae5c02f1,5939fda916db
1c4cae5c02f1,e285cc15a3ab
1c4cae5c02f1,d42c724dfd6f
1c4cae5c02f1,5c83273a4625
1c4cae5c02f1,1f62ed7c4bf1
1c4cae5c02f1,be5f5a57dc1c
1c4cae5c02f1,da3ca223d77f
1c4cae5c02f1,afea5688c1ff
1c4cae5c02f1,2c6def8aaae8
69375dab7d35,bcb8dddfcc90
69375dab7d35,2e1ed026a96a
69375dab7d35,9307404252d0
c2d1034e32df,5162d98401ce
dbebb035a710,f92226132765
dbebb035a710,3fbb6b35a567
dbebb035a710,8980c01b8f00
dbebb035a710,21430acbf226
dbebb035a710,e196df3eec9
dbebb035a710,4b80b9fbb034
dbebb035a710,ad9bcedb821a
dbebb035a710,f048c6511148
dbebb035a710,1c4f7a303548
dbebb035a710,eabd46ec28d5
dbebb035a710,6a97ca99cd0f
dbebb035a710,b7d6b437073a
dbebb035a710,ec3b4cbc2b59
dbebb035a710,832a49111352
dbebb035a710,a3a045314b59
dbebb035a710,58356de2425f
dbebb035a710,732d234a60d9
dbebb035a710,ba956a8abf58
dbebb035a710,8ee7362c987c
dbebb035a710,32e8221d3417
dbebb035a710,513a71ed6458
dbebb035a710,d162ca2fa4e0
dbebb035a710,fc318d316cb3
dbebb035a710,4e79648614b6
dbebb035a710,1f0b6c21ad7
be8dbaf22dd8,86e0ebc264f9
be8dbaf22dd8,359775783729
be8dbaf22dd8,fe1da6bea287
be8dbaf22dd8,d53700f1664f
be8dbaf22dd8,86e0ebc264f9
be8dbaf22dd8,8160a3c7aef2
be8dbaf22dd8,265e035d125
be8dbaf22dd8,f41200aac7e9
be8dbaf22dd8,a01d8d4220a4
be8dbaf22dd8,319dac881a2
be8dbaf22dd8,f936f36f8ab8
be8dbaf22dd8,d150c873a981
be8dbaf22dd8,154993b5d3f9
be8dbaf22dd8,535d2768f845
be8dbaf22dd8,924264f2171d
be8dbaf22dd8,d77d9dc46c7
be8dbaf22dd8,20c74e2d3c7e
be8dbaf22dd8,db4fd160d906
be8dbaf22dd8,131df444f674
be8dbaf22dd8,1fa38319b2b5
be8dbaf22dd8,902ae022ae69
237d429157eb,6da0672f0f53
5f89c707bae6,5e4cf1b533a
5f89c707bae6,600de5ac10a4
5f89c707bae6,7bcc564c08f2
5f89c707bae6,a3691cb4e1ed
5f89c707bae6,1a3f8e841210
5f89c707bae6,ff486c049b8c
5f89c707bae6,c57511967393
5f89c707bae6,ed09aa5c9a47
5f89c707bae6,ff486c049b8c
5f89c707bae6,f0c27389275e
6fab63e34e74,ad0335650f15
6fab63e34e74,b2a73efbd285
6fab63e34e74,585e32a28cc3
6fab63e34e74,1b31e4278fc3
dd64106c9763,c4fe4c4a6690
dd64106c9763,8f538330ca99
dd64106c9763,f02bb3503813
8815a329e52b,a08b1e531f9c
8815a329e52b,7e5c523f365b
4c07447dada8,4fc973d4bc8c
34199b17ced3,ad1dbce50da0
34199b17ced3,89ff1de7b412
34199b17ced3,e2104b370f96
34199b17ced3,99ffd12f3a21
34199b17ced3,deff69056925
a0959d264d32,aac73d380114
aa0301146c35,ecd516b28e24
c13f5e07b6e,3103b24cf34e
a17864280916,a261fe250485
7f4fff648f9f,6d287ed784de
14f5c7bef3d8,b14f6537743d
51ff8003d3f2,d0de19636e11
51ff8003d3f2,5505c10b3ae2
51ff8003d3f2,595fa38b162a
5d78adf1e2f2,c449ad46a2e2
5d78adf1e2f2,644568afaa10
715c0bdc27ec,ab2aef094012
715c0bdc27ec,ab2aef094012
fd9ef8e1ebd0,3b87f73fddf9
2f0494e1df0d,66ded3e24668
45c8cd174d7a,3aec2510f662
686640bd0a61,df3ff185787d
686640bd0a61,cf7c5335bf7
b963a8ae0af4,5ee8ae338b70
b963a8ae0af4,ee57dce74f5e
7eec0ed476e2,d757f9678b58
36a36386ff67,9a82fadb3d9f
6fbe7596b904,6f405c95a53e
2ef37df6c9be,70eb2d57a447
2ef37df6c9be,de1091065e82
2ef37df6c9be,f37783fc8c26
2ef37df6c9be,ade060ae5fe6
ad81295c6e13,df0e4b1d9ed1
ad81295c6e13,9281b5a543d4
ad81295c6e13,a43a40523977
ad81295c6e13,7a5dfa1f779c
ad81295c6e13,c4da951e6674
dcd61b351cad,908f96b7ac03
dcd61b351cad,908f96b7ac03
dcd61b351cad,908f96b7ac03
dcd61b351cad,6ac4e6b23484
a22eb6bd6429,8b3d9b99be5
a22eb6bd6429,ea66dd187d5e
a22eb6bd6429,7e620cb8094d
a22eb6bd6429,c85096d4525c
a22eb6bd6429,8b3d9b99be5
4378e839c339,1f62ed7c4bf1
b93f3abb8a6b,65ffe4967330
b93f3abb8a6b,65ffe4967330
dc83cc8f09d8,c16f755b6051
d2c7fcdc3769,ad0335650f15
d2c7fcdc3769,7722ceea0aac
633b2ee37972,87bc26c4ea19
633b2ee37972,87bc26c4ea19
43e6a671bcc9,621ba1509eb
cecf30b9068d,ef36cbe22fa7
cecf30b9068d,ef36cbe22fa7
cecf30b9068d,e35c98955f1e
cecf30b9068d,26f3db26e6fa
cecf30b9068d,f2daeed33682
cecf30b9068d,772e4fbfb4a9
cecf30b9068d,b0ab1676cd0d
cecf30b9068d,772e4fbfb4a9
3642f321440,caa5f0875789
3642f321440,4bf5337a914f
3642f321440,4bf5337a914f
3642f321440,4bf5337a914f
72a7c5cd9697,89519fb4df03
72a7c5cd9697,4c9d25d31381
e274943a018d,154a0d2814f0
e63791cb7358,de7e859ff8da
d3ecfebcfea4,ccb03bea5fe6
912b279d6431,ebbe8e8bbd24
912b279d6431,e5e9ce003c92
912b279d6431,1d00cc6e0e73
6e4a8b45f770,8a1b78e3fb22
e7985edb7768,2a4dad47211c
e7985edb7768,321747ff5910
e7985edb7768,da96d9718a3b
7e3b7fd4a8a9,de120ae6c31d
625c90ea147f,4fbf739e2761
625c90ea147f,4ad14410c041
455bd54ba39,4fbb72ba540a
bbc7972e334f,5bf60b76f978
1c54344e3328,2176bc02ec1d
55b1adfaa08f,6ed1e0503c3f
51113d7b649,99212a04d9ea
cff0e3841750,4a0ac33eeb7d
cff0e3841750,d002f056f8c
cff0e3841750,78c0e9e55d2a
cff0e3841750,31c82ff2950c
cff0e3841750,586908238b2d
cff0e3841750,8346f5bfd2f5
cff0e3841750,97d3115cc972
cff0e3841750,1c6aefc52a8a
cff0e3841750,bd4cb18c7f4c
cff0e3841750,bface24c9ffc
cff0e3841750,5686bd71d9a7
cff0e3841750,e59c44a88712
cff0e3841750,58a1428b8e8a
cff0e3841750,1e91bf2131e9
cff0e3841750,509684444857
d2c79ec43201,7da09f20ed13
d2c79ec43201,4ac79f83db91
d2c79ec43201,24f3562d5822
c09dc5d7cf13,5ffc4fbf2e5a
c09dc5d7cf13,5ffc4fbf2e5a
c09dc5d7cf13,73a7087f97cb
b5b91268c25c,9066e88e2e34
b5b91268c25c,fe03b3e07b6c
64fe479e25d3,2ad214232019
e9db73107ebf,479e2bcb8f6c
e9db73107ebf,ad0335650f15
263c6bd1a63,776e6a6aa469
263c6bd1a63,1c4f7a303548
263c6bd1a63,54bea3b2c5a1
263c6bd1a63,1c4f7a303548
263c6bd1a63,5fc1832041bd
8b2b99b3fa1e,5e3e3b0a37dd
9a20a980fdf,9e2d2b4f24b4
502afb1403cf,ad0335650f15
39697059c6e8,940a2c2e5687
9ee1f7fb2808,17033882b581
9ee1f7fb2808,4036d9858018
9ee1f7fb2808,adbbe16e7cef
3dcc84b2457f,edb670033ace
3dcc84b2457f,82ffbd3a71f0
3dcc84b2457f,79a3aa3a3d2f
3dcc84b2457f,75704da7f0ae
32d192911173,70eb2d57a447
32d192911173,31ea0e10248d
32d192911173,305dbfdaf695
77f41949bf08,50f27d46494d
77f41949bf08,69ead6f55f99
77f41949bf08,69ead6f55f99
77f41949bf08,69ead6f55f99
7b134d689c75,971253a11ab9
7b134d689c75,f8d974daa636
7b134d689c75,b5777dafefc1
959e4c69cd37,d85969405d01
94fcc218fd6b,d2ce01c01fc3
94fcc218fd6b,7b9a93cc413e
94fcc218fd6b,a36e494a352d
438201fb6c8a,8e05157b4af9
5819fe9c1fa7,95a9dc2e4508
5819fe9c1fa7,7c9c85cf594e
6d6aafcc310a,3524fb872919
cb7ec033d2bc,70eb2d57a447
cb7ec033d2bc,298666171963
14b231fdfed8,5ec39582c48b
14b231fdfed8,5ec39582c48b
2fa56bf00d2e,e34ee48c0a61
85ad6c029cd1,8381dfa6ebc6
8955df0caaf9,392c3ac73dd3
8955df0caaf9,b37ee46309e2
8955df0caaf9,6247b0ec47e8
219f95342f5c,1682e945476a
403fbe445351,be26254a25bc
403fbe445351,c23c195d3939
403fbe445351,e8ec6fa4d7d4
555776733bae,d39ed1d5a1ef
555776733bae,44475ab42e7b
91f6b355ee3e,95ab278512d7
91f6b355ee3e,d6f0f4438556
a3b511f13b1a,722757b88094
a3b511f13b1a,4e8b8a0349b0
a3b511f13b1a,88f6465cdd49
a3b511f13b1a,4e8b8a0349b0
a3b511f13b1a,88f6465cdd49
245c0137a10a,52a5b7a6160b
245c0137a10a,5998c6ae5784
245c0137a10a,abcca1ead1ab
245c0137a10a,3d0dbed11157
bdf888ec15d5,b8a3c9bfe782
bdf888ec15d5,380bb8011a09
45fc3fa57725,321747ff5910
3dda361600c4,4a41686d44b6
59018d8567e6,ff34646babf2
3b48844eba62,3bcf5af0db3b
3b48844eba62,c8a216769c77
ae5939b1dd3a,70eb2d57a447
45fce19b28c3,d1a1b3363d4f
956fbea32704,70eb2d57a447
3b922212f807,f2dd392ea1a9
bc5b222e84ee,9c5048ba13f4
7d4d48c1e4d8,76b03a4b8890
345369bdc896,67c9fab4e6a
105707177122,ad54403587a4
45404c261637,666321d3134a
3654d9815e9d,d85ae1aa1a4d
e5601e18086,7db31d7ad975
4dfa96d7b37e,bdc7eb6eb194
4dfa96d7b37e,7b3cbeaa74f3
4dfa96d7b37e,b0e419457f84
4dfa96d7b37e,4743e0c031a9
145443ec3775,6ea90b66081b
145443ec3775,6b3601c68b24
145443ec3775,6697e8082c9
145443ec3775,19fd38e99e91
145443ec3775,cac32a03bb32
dd5028d32cf6,9b540303b0c6
80114e896369,6da21bd709d
80114e896369,d2f5308b1e43
ca4c99666bbf,11df76e84083
8b0d90e4c731,17033882b581
ec8859ab9b64,d806c2ecb962
ec8859ab9b64,d8290d85bc39
713b5eb07f14,14daabbff886
713b5eb07f14,4fdd3abe0496
713b5eb07f14,ce52b15e3c1a
713b5eb07f14,98a139ef56bc
713b5eb07f14,e7114e7afdc5
713b5eb07f14,c2d21d069ac
713b5eb07f14,bb6d9dfe5597
713b5eb07f14,41671da57ae5
713b5eb07f14,55b64959733c
713b5eb07f14,47e1236d8773
713b5eb07f14,4aaba69a117b
713b5eb07f14,6eae07da6ec3
713b5eb07f14,766afb39079b
713b5eb07f14,47e1236d8773
713b5eb07f14,8fd168b54edd
713b5eb07f14,3933e6244352
aa8831163846,64dd8c298f60
aa8831163846,66306525503e
aa8831163846,546fe78adfce
aa8831163846,9bfccc40b00d
aa8831163846,4bc97de41754
504b8ff616e,539eaab0ec0b
a44e94ba5255,657f5afd3cbd
bda00e20ae95,84dd87957d6e
bda00e20ae95,584262e08ffd
bda00e20ae95,e3e68f436316
b1104e45ff30,3444c8826a74
79e702873d0e,e6d740a9986c
b62c172bc68,dfcd4b5f9ca9
2d790b0ae2ec,3f9e288ca2d5
2d790b0ae2ec,8c10787dd01a
2d790b0ae2ec,d519de44804b
2d790b0ae2ec,daad78af1515
2d790b0ae2ec,7d13aff6f452
2d790b0ae2ec,96f389a224a4
2d790b0ae2ec,a539295e34a4
2d790b0ae2ec,ba58342aeb00
2d790b0ae2ec,6418aea520aa
2d790b0ae2ec,d002f056f8c
2d790b0ae2ec,c567592ff4b4
a7e4996eb2ca,d311e194f755
a7e4996eb2ca,9e89370fb90a
a7e4996eb2ca,3b1eecddce7c
a7e4996eb2ca,7db246abd06f
a7e4996eb2ca,8554b2f16e69
a7e4996eb2ca,17106081c6a
a7e4996eb2ca,3acfe56bc59d
a7e4996eb2ca,a8ad33837205
a7e4996eb2ca,42f4f757102c
5a1c978486b4,d83bf4f21683
be50c3b7a613,e3fb0d5d304c
be50c3b7a613,9d5a865b2d08
be50c3b7a613,37e593bd0ebf
eaa296f04289,fc354643fb3e
a83fcb199ec1,ad66e070480e
d9fc8d2f8fd6,1928cbd0e69c
98e48f85bd3c,dbfb8e06b9f2
98e48f85bd3c,727da94d52c
98e48f85bd3c,f17361cccf08
9f3cb128c5e,dc354685d6b2
9f3cb128c5e,ad50859e3dc0
9f3cb128c5e,4d3c55aba3cf
9f3cb128c5e,31b32f46b65c
9f3cb128c5e,a5598ec05185
2ffdbd8a880f,1839f2f4e5d7
2ffdbd8a880f,babe0d46e468
2ffdbd8a880f,ba392a777fb5
2ffdbd8a880f,5066a995f6a1
2ffdbd8a880f,d51331cdd716
64cf1b764df2,2079ba152817
64cf1b764df2,5e987a764c0d
a67b6c34c3f8,2532fe56b2ba
a67b6c34c3f8,2532fe56b2ba
a67b6c34c3f8,1688f77b85be
6a3d59c1e7c0,6c071f5f5150
a89beb031f74,f25c357b8e4c
f7539fea289a,bc461abbd
f7539fea289a,bba404fb56c2
f7539fea289a,8abd09c38fa3
d63e2bc4fc63,ffcaf8d255ca
ce69fd71a019,3bb56f843b87
f29c613fb19,319aaf8618a8
100385c6dfe0,beca78db39bf
100385c6dfe0,12aed627f1f1
100385c6dfe0,e184c717380f
100385c6dfe0,15f66bf28305
100385c6dfe0,9351d9b56127
85e527a5fe7b,62148d8ee1b7
919da17ecefb,7bd4c7adcfd0
919da17ecefb,48e0c788aea1
cddc9105fc33,606945f76a92
cddc9105fc33,88be2b8823e
196ccf159b67,4ea9fed561bd
e2abece565bc,b51d5946ca22
ccec844e84b8,70eb2d57a447
1e7eacaa98d,86c21674a170
d35749ef05c2,6ea7c9db49d3
f8b39840b984,63795dd87481
d45ccd615c38,37512cd1611d
d45ccd615c38,2aa5fba51a45
4f53040b529e,dd6e615026a6
e1bc9887e4be,f4222398fd64
ecd5d1ea1ef8,7e990d49d0fc
47508b1e075e,78bbd78e33e7
47508b1e075e,93dfa36c5515
3efea313d8db,424c6dcdd497
3efea313d8db,e7e26af6f6f7
3efea313d8db,448fa0cfbee8
3efea313d8db,e0932dd7fc74
3efea313d8db,228402dc77c9
3efea313d8db,32734071f3f0
bf6a9c8af18f,a1f02e9afcb7
bf6a9c8af18f,d706c5227940
bf6a9c8af18f,12872d21224
2195ac91532f,b166398e580c
2195ac91532f,4f40d1b78aec
2195ac91532f,d6512ed277e5
2195ac91532f,7a777268a516
2195ac91532f,48691c63d38a
2195ac91532f,10dde0bd8fe3
2195ac91532f,72469f5805d8
2195ac91532f,41b63288d2ef
2195ac91532f,51649c0ddfe0
2195ac91532f,c625a12f254e
b84db5ec3b40,9e1f1987a5cd
b84db5ec3b40,9e1f1987a5cd
b84db5ec3b40,9e1f1987a5cd
42c63f0bc87d,2575bb817be
28d4cb95cd60,6762b1a42ab7
2508a73ee904,966244df432a
d9b1f57e0a05,d62dde44d2b7
68be3e61f57,e691c17c9653
881e833634e,1d0426fc8c6a
dab3af40addd,c16f755b6051
14b774d13adf,e0a236a04eaf
79b623767689,b2c27ac173c9
3836f39f38f9,7580bc9c315
a43e21e8902d,8bff86d076c0
af40d828dcc2,519d390ce0c6
627d93465c71,52bbcc6e943f
627d93465c71,d36d39cf4df1
627d93465c71,ca83f2c84c2c
1904031f0043,ad8241659f88
c6d1057d8536,d1fb34eb65a9
c6d1057d8536,3b13f0c0ea3
c6d1057d8536,9c3cc6db069e
c6d1057d8536,b486ad6f5e26
c6d1057d8536,454d1cb42148
c6d1057d8536,7f2f6c05a62
c6d1057d8536,6d287ed784de
c6d1057d8536,7c8dae36c16f
c6d1057d8536,d10c9b93f933
c6d1057d8536,e71950694232
c6d1057d8536,e984993adf13
c6d1057d8536,2e8a91689ace
c6d1057d8536,351bd46efa5c
872f2570f75a,bb90bb1c73f7
872f2570f75a,fb7f50e47630
872f2570f75a,4a4c42fc3b92
872f2570f75a,db0cae7468d0
872f2570f75a,b5d0d0137d6f
872f2570f75a,a261fe250485
872f2570f75a,16aef40c2c2d
872f2570f75a,78d63dcab95a
872f2570f75a,c0fe17a613e6
872f2570f75a,5d062d627b51
872f2570f75a,4e79648614b6
872f2570f75a,16aef40c2c2d
872f2570f75a,16aef40c2c2d
872f2570f75a,4f6880d98057
872f2570f75a,de76df37b21
872f2570f75a,a0e65e3282e0
872f2570f75a,764bb738c763
872f2570f75a,39ddaf33fcf
872f2570f75a,816c36f448d1
872f2570f75a,b9ba79903a54
872f2570f75a,2a636eb127e7
872f2570f75a,88468d42475f
872f2570f75a,213e6be7bb34
872f2570f75a,679418873449
872f2570f75a,84b561911529
4b066aa6aa9c,86e417daa00f
4b066aa6aa9c,2db3e3acff37
5e3c5d49e2f6,e12af077ac58
8cc1a71dd4e2,f8b5fd0aeeb
48707f816a3d,1928cbd0e69c
8b6aaf1217a3,2408a181d745
3b67f46d93e8,46143b2857b6
3b67f46d93e8,ad0335650f15
3b67f46d93e8,30647228b386
3b67f46d93e8,3b6d859d0990
3b67f46d93e8,7fd8b4b65d69
3b67f46d93e8,fa5f0ecd7de8
3b67f46d93e8,d328e0d19726
3b67f46d93e8,c9689182b341
3b67f46d93e8,76953b1ea640
3b67f46d93e8,fa5f0ecd7de8
3b67f46d93e8,723516b2aaa8
3b67f46d93e8,bcd8e89ac24b
3b67f46d93e8,64396bbc7c18
eac515971555,15f45d314930
eac515971555,450b47971779
eac515971555,dfebc75bda3
b9fc0030e4fc,ce7e75cae0b3
101092e5c3bc,3b19c8e6bbc4
87ad6f3ac156,beafe352ab2d
87ad6f3ac156,5ec39582c48b
7d2d54480322,ed5bc213ac52
93bf93dd42c2,13d4286d300f
6887c858f2dd,aa38fec37f51
22d34b240987,2d1eed8cb9ba
7cf6743dd092,1928cbd0e69c
672165d613e6,c570c859a5b0
672165d613e6,9786631a0664
672165d613e6,84ecbd252c0c
555f8cdf1c37,c637e3833f5a
92f9d9c23aa8,7151ca077dce
59b0ae5bacdf,531179e359a8
59b0ae5bacdf,c7633475556e
119cda76c66f,69bd4d15d268
119cda76c66f,911b4196231
119cda76c66f,afb7dfa98d2d
2504d43c9e9b,1140e879f2aa
2504d43c9e9b,ecb2605d9cba
2504d43c9e9b,9cb5f31cb9fa
2504d43c9e9b,70d210de1039
6c6012c229,ebbe8e8bbd24
68e44e8a56b5,cd9c38f87dd4
acfea3e6918a,5ec39582c48b
430c6d89d1fe,40cbdd512738
430c6d89d1fe,69708ece50e0
430c6d89d1fe,6ed01ab92923
430c6d89d1fe,372a3482186
430c6d89d1fe,72469f5805d8
430c6d89d1fe,a1880affdff1
430c6d89d1fe,1209a2e54db0
430c6d89d1fe,ba645c55498b
430c6d89d1fe,39e3969bd5b5
430c6d89d1fe,949d0818be00
430c6d89d1fe,691ae2c85d7d
430c6d89d1fe,64215af3e777
8710efce79a1,e42fd84cb985
8710efce79a1,3a66a53aa7ea
8710efce79a1,521e82adf57e
8710efce79a1,6dbdf6be6ecc
317f1e1df251,775a931e70be
5044380914c,732f22e32c9a
5044380914c,c16f755b6051
30e8c46ec95,c3fc271a5bae
7f74499d0773,370145a161ae
48e2b21ec627,58f3ca6c5354
48e2b21ec627,41875f028c87
e573d013e99c,c16f755b6051
6a7e86167ce3,2e184c90955f
d24d543f88c2,ce11e896da93
3651a3d0078a,2909e529d5c0
3651a3d0078a,c3fc271a5bae
6e9d3e845c53,bdebf6cc00ce
2ebbc3d82880,4b00f3371fce
2ebbc3d82880,4b00f3371fce
b1d8a6b2d6ef,75f3a99691d5
debc9fa86040,5ee4d2c545e9
f562d5607e2,a3d8ea1e6521
f562d5607e2,fd432a90e9ac
f562d5607e2,92bc822b74f2
f562d5607e2,3b0ac86e42c9
b811b5ebeb2,5fce3f9c3e8c
487b0b8279c4,93a781955836
487b0b8279c4,5b7a6977c906
5715980923b3,196c302c11f3
5715980923b3,c0a27c685dc4
5715980923b3,7ae39c5530bd
5715980923b3,eaa3e5a77ea2
5715980923b3,d78dfca2d549
5715980923b3,f6d4bb181c09
5715980923b3,dce95ea781ce
5715980923b3,e2e9c37a31d5
5715980923b3,129d3368c793
1765965792c6,4993d3413796
1765965792c6,c5056f1cb0aa
105ea198f998,8990c8d5c0b0
c290f69256ca,ee288e62a552
c290f69256ca,ee288e62a552
65b4d7657f8d,3a66a53aa7ea
4ecb83b39b4b,2480a7e35749
4ecb83b39b4b,a15e983ea01c
ecd3a4aa2dfb,ad0335650f15
950742f523ff,966c64a2a0c5
9caae341548,4d757182d894
c4f103cbbc85,6c2442a0e7f7
4a2bfd11c78e,275650093027
4a2bfd11c78e,4d3a3cc850d4
4a2bfd11c78e,ea28933954db
4a2bfd11c78e,3bdf07b871b6
f74dd6b7e1db,c3fc271a5bae
d1b3bd33dcbf,372a3482186
66a4841e6810,8fa530d3bf6f
66a4841e6810,4af1ed8b5511
66a4841e6810,b0e6080e780d
66a4841e6810,b82c15111fb0
66a4841e6810,a85122a08a7e
66a4841e6810,ca6c7e2610b6
66a4841e6810,584050185797
66a4841e6810,f546c7b6e3fa
66a4841e6810,27a498784652
66a4841e6810,4af778ec705c
66a4841e6810,2742dc46ff6e
66a4841e6810,55b558c04dae
1fe9f7834ae,f04906b48188
1fe9f7834ae,5eb6c6bcf4a8
1fe9f7834ae,27312e8fb412
1fe9f7834ae,2171f5448f0f
1fe9f7834ae,24057b3e4bcb
1fe9f7834ae,c2a2f5c39565
514742e1b09b,b5ade703c581
221fb152e50a,6a3822d666cc
221fb152e50a,196e65df8e41
91c604c88851,fbf3543c5a95
91c604c88851,9599b9306e2c
4c5160ed0139,88490dc9b074
4c5160ed0139,36165ad55536
4c5160ed0139,dcd72bf42297
4c5160ed0139,a8659e47212f
4c5160ed0139,c974009147fd
4c5160ed0139,ad0335650f15
4c5160ed0139,ad079d200d8c
4c5160ed0139,69aba8b6bf7a
4c5160ed0139,9752dbe33bef
4c5160ed0139,aae122dd1045
4c5160ed0139,5b99e46ca3cf
4c5160ed0139,94a5ecc89797
4c5160ed0139,2be2d0d295ac
4c5160ed0139,8b795430e223
4c5160ed0139,8573d3199639
4c5160ed0139,b8bd9fe178ae
4c5160ed0139,ad6dc157416f
4c5160ed0139,35bbea662049
4c5160ed0139,f5df76727738
4c5160ed0139,ec3714aea830
4c5160ed0139,60cc9f859157
ad1e27425972,584050185797
ad1e27425972,ddcb4a5f4855
ad1e27425972,c62ec13ca03e
ad1e27425972,c62ec13ca03e
ad1e27425972,c62ec13ca03e
ddb24ec137ff,3f4160f48193
ddb24ec137ff,7db31d7ad975
4fd16a8bf0d3,b0e95ef557f3
4fd16a8bf0d3,4c6621f68451
4fd16a8bf0d3,61c082275442
4fd16a8bf0d3,b0e95ef557f3
